,location,date,hour,measurement
0,muara_teweh,2019-01-06,,
1,muara_teweh,2019-01-07,,
2,muara_teweh,2019-01-08,,
3,muara_teweh,2019-01-09,,
4,muara_teweh,2019-01-10,,
5,muara_teweh,2019-01-26,,
6,muara_teweh,2019-06-02,,
7,muara_teweh,2019-08-24,,
8,muara_teweh,2019-09-01,,
9,muara_teweh,2019-09-03,,
10,muara_teweh,2021-01-01,,
11,muara_teweh,2021-01-02,,
12,muara_teweh,2021-01-03,,
13,muara_teweh,2021-01-04,,
14,muara_teweh,2021-01-05,,
15,muara_teweh,2021-01-06,,
16,muara_teweh,2021-01-07,,
17,muara_teweh,2021-01-08,,
18,muara_teweh,2021-01-09,,
19,muara_teweh,2021-01-10,,
20,muara_teweh,2021-01-11,,
21,muara_teweh,2021-01-12,,
22,muara_teweh,2021-01-13,,
23,muara_teweh,2021-01-14,,
24,muara_teweh,2021-01-15,,
25,muara_teweh,2021-01-16,,
26,muara_teweh,2021-01-17,,
27,muara_teweh,2021-01-18,,
28,muara_teweh,2021-01-19,,
29,muara_teweh,2021-01-20,,
30,muara_teweh,2021-01-21,,
31,muara_teweh,2021-01-22,,
32,muara_teweh,2021-01-23,,
33,muara_teweh,2021-01-24,,
34,muara_teweh,2021-01-25,,
35,muara_teweh,2021-01-26,,
36,muara_teweh,2021-01-27,,
37,muara_teweh,2021-01-28,,
38,muara_teweh,2021-01-29,,
39,muara_teweh,2021-01-30,,
40,muara_teweh,2021-01-31,,
41,muara_teweh,2021-03-20,,
42,muara_teweh,2021-03-30,,
43,muara_teweh,2019-07-26,,2.0
44,muara_teweh,2019-07-27,,2.0
45,muara_teweh,2019-08-13,,2.0
46,muara_teweh,2019-10-03,,2.0
47,muara_teweh,2019-07-21,,2.5
48,muara_teweh,2019-06-03,,3.0
49,muara_teweh,2019-06-04,,3.0
50,muara_teweh,2019-07-16,,3.0
51,muara_teweh,2019-07-18,,3.0
52,muara_teweh,2019-07-19,,3.0
53,muara_teweh,2019-07-29,,3.0
54,muara_teweh,2019-08-05,,3.0
55,muara_teweh,2019-08-06,,3.0
56,muara_teweh,2019-09-05,,3.0
57,muara_teweh,2019-09-06,,3.0
58,muara_teweh,2019-09-07,,3.0
59,muara_teweh,2019-10-26,,3.0
60,muara_teweh,2019-11-22,,3.0
61,muara_teweh,2020-11-18,,3.0
62,muara_teweh,2021-03-01,,3.0
63,muara_teweh,2021-08-01,,3.25
64,muara_teweh,2019-06-01,,3.5
65,muara_teweh,2019-10-17,,3.5
66,muara_teweh,2019-11-10,,3.5
67,muara_teweh,2019-11-14,,3.5
68,muara_teweh,2019-11-21,,3.5
69,muara_teweh,2019-11-23,,3.5
70,muara_teweh,2020-11-20,,3.5
71,muara_teweh,2021-07-27,,3.5
72,muara_teweh,2021-07-29,,3.5
73,muara_teweh,2021-08-09,,3.5
74,muara_teweh,2021-08-17,,3.5
75,muara_teweh,2020-08-11,,3.75
76,muara_teweh,2020-08-13,,3.75
77,muara_teweh,2020-08-15,,3.75
78,muara_teweh,2022-02-06,,3.75
79,muara_teweh,2019-05-14,,4.0
80,muara_teweh,2019-06-05,,4.0
81,muara_teweh,2019-07-06,,4.0
82,muara_teweh,2019-08-30,,4.0
83,muara_teweh,2019-08-31,,4.0
84,muara_teweh,2020-01-02,,4.0
85,muara_teweh,2020-08-10,,4.0
86,muara_teweh,2020-08-27,,4.0
87,muara_teweh,2021-04-28,,4.0
88,muara_teweh,2021-06-06,,4.0
89,muara_teweh,2021-06-12,,4.0
90,muara_teweh,2022-02-07,,4.0
91,muara_teweh,2019-05-08,,4.5
92,muara_teweh,2019-05-10,,4.5
93,muara_teweh,2019-08-22,,4.5
94,muara_teweh,2019-10-06,,4.5
95,muara_teweh,2020-06-17,,4.5
96,muara_teweh,2020-06-18,,4.5
97,muara_teweh,2020-08-26,,4.5
98,muara_teweh,2020-11-21,,4.5
99,muara_teweh,2021-02-19,,4.5
100,muara_teweh,2021-04-07,,4.5
101,muara_teweh,2019-11-16,,4.75
102,muara_teweh,2019-03-21,,5.0
103,muara_teweh,2019-07-03,,5.0
104,muara_teweh,2019-08-26,,5.0
105,muara_teweh,2019-10-18,,5.0
106,muara_teweh,2019-11-18,,5.0
107,muara_teweh,2019-11-25,,5.0
108,muara_teweh,2020-04-25,,5.0
109,muara_teweh,2020-06-16,,5.0
110,muara_teweh,2020-08-22,,5.0
111,muara_teweh,2020-08-23,,5.0
112,muara_teweh,2020-09-24,,5.0
113,muara_teweh,2020-12-27,,5.0
114,muara_teweh,2021-02-17,,5.0
115,muara_teweh,2021-02-23,,5.0
116,muara_teweh,2021-04-29,,5.0
117,muara_teweh,2021-08-21,,5.0
118,muara_teweh,2020-12-28,,5.25
119,muara_teweh,2019-03-03,,5.5
120,muara_teweh,2019-04-26,,5.5
121,muara_teweh,2019-11-01,,5.5
122,muara_teweh,2020-01-20,,5.5
123,muara_teweh,2020-01-21,,5.5
124,muara_teweh,2020-02-19,,5.5
125,muara_teweh,2020-02-26,,5.5
126,muara_teweh,2020-03-17,,5.5
127,muara_teweh,2020-03-18,,5.5
128,muara_teweh,2020-03-19,,5.5
129,muara_teweh,2020-11-14,,5.5
130,muara_teweh,2021-04-05,,5.5
131,muara_teweh,2021-05-07,,5.5
132,muara_teweh,2021-05-09,,5.5
133,muara_teweh,2021-06-13,,5.5
134,muara_teweh,2021-07-09,,5.5
135,muara_teweh,2021-10-28,,5.5
136,muara_teweh,2020-07-20,,5.75
137,muara_teweh,2019-02-03,,6.0
138,muara_teweh,2019-03-20,,6.0
139,muara_teweh,2019-04-01,,6.0
140,muara_teweh,2019-06-29,,6.0
141,muara_teweh,2019-08-23,,6.0
142,muara_teweh,2019-11-04,,6.0
143,muara_teweh,2019-12-02,,6.0
144,muara_teweh,2019-12-09,,6.0
145,muara_teweh,2019-12-10,,6.0
146,muara_teweh,2019-12-11,,6.0
147,muara_teweh,2020-02-17,,6.0
148,muara_teweh,2020-04-21,,6.0
149,muara_teweh,2020-10-07,,6.0
150,muara_teweh,2021-02-13,,6.0
151,muara_teweh,2021-03-07,,6.0
152,muara_teweh,2021-04-09,,6.0
153,muara_teweh,2021-05-14,,6.0
154,muara_teweh,2021-06-03,,6.0
155,muara_teweh,2021-07-08,,6.0
156,muara_teweh,2021-07-12,,6.0
157,muara_teweh,2021-12-29,,6.0
158,muara_teweh,2022-02-12,,6.0
159,muara_teweh,2019-01-22,,6.5
160,muara_teweh,2019-02-25,,6.5
161,muara_teweh,2019-03-18,,6.5
162,muara_teweh,2019-05-24,,6.5
163,muara_teweh,2019-12-03,,6.5
164,muara_teweh,2020-04-22,,6.5
165,muara_teweh,2020-07-25,,6.5
166,muara_teweh,2020-09-06,,6.5
167,muara_teweh,2020-10-05,,6.5
168,muara_teweh,2021-03-14,,6.5
169,muara_teweh,2022-01-29,,6.5
170,muara_teweh,2019-03-15,,6.75
171,muara_teweh,2022-02-01,,6.75
172,muara_teweh,2019-02-28,,7.0
173,muara_teweh,2019-03-13,,7.0
174,muara_teweh,2019-05-22,,7.0
175,muara_teweh,2019-05-27,,7.0
176,muara_teweh,2019-10-20,,7.0
177,muara_teweh,2019-12-24,,7.0
178,muara_teweh,2020-05-10,,7.0
179,muara_teweh,2020-10-31,,7.0
180,muara_teweh,2020-11-22,,7.0
181,muara_teweh,2021-02-12,,7.0
182,muara_teweh,2021-04-13,,7.0
183,muara_teweh,2021-04-19,,7.0
184,muara_teweh,2021-05-06,,7.0
185,muara_teweh,2021-06-02,,7.0
186,muara_teweh,2021-07-16,,7.0
187,muara_teweh,2021-10-14,,7.0
188,muara_teweh,2021-12-13,,7.0
189,muara_teweh,2019-04-13,,7.25
190,muara_teweh,2019-03-10,,7.5
191,muara_teweh,2019-12-19,,7.5
192,muara_teweh,2020-02-25,,7.5
193,muara_teweh,2020-02-28,,7.5
194,muara_teweh,2020-03-16,,7.5
195,muara_teweh,2020-05-12,,7.5
196,muara_teweh,2020-09-27,,7.5
197,muara_teweh,2020-12-22,,7.5
198,muara_teweh,2021-04-12,,7.5
199,muara_teweh,2021-06-26,,7.5
200,muara_teweh,2021-12-24,,7.5
201,muara_teweh,2022-02-27,,7.5
202,muara_teweh,2019-01-25,,8.0
203,muara_teweh,2019-12-17,,8.0
204,muara_teweh,2020-01-04,,8.0
205,muara_teweh,2020-01-09,,8.0
206,muara_teweh,2020-05-28,,8.0
207,muara_teweh,2020-06-13,,8.0
208,muara_teweh,2021-02-11,,8.0
209,muara_teweh,2021-04-03,,8.0
210,muara_teweh,2021-04-21,,8.0
211,muara_teweh,2021-05-29,,8.0
212,muara_teweh,2021-06-22,,8.0
213,muara_teweh,2021-11-24,,8.0
214,muara_teweh,2021-12-20,,8.0
215,muara_teweh,2021-12-26,,8.0
216,muara_teweh,2022-02-21,,8.0
217,muara_teweh,2022-02-23,,8.0
218,muara_teweh,2019-04-05,,8.5
219,muara_teweh,2020-01-13,,8.5
220,muara_teweh,2020-05-13,,8.5
221,muara_teweh,2020-05-20,,8.5
222,muara_teweh,2020-06-12,,8.5
223,muara_teweh,2020-07-09,,8.5
224,muara_teweh,2020-09-20,,8.5
225,muara_teweh,2020-10-30,,8.5
226,muara_teweh,2020-11-11,,8.5
227,muara_teweh,2021-09-21,,8.5
228,muara_teweh,2021-09-30,,8.5
229,muara_teweh,2021-10-13,,8.5
230,muara_teweh,2021-12-08,,8.5
231,muara_teweh,2022-03-05,,8.5
232,muara_teweh,2019-02-07,,9.0
233,muara_teweh,2019-02-20,,9.0
234,muara_teweh,2019-12-14,,9.0
235,muara_teweh,2019-12-15,,9.0
236,muara_teweh,2020-03-29,,9.0
237,muara_teweh,2020-05-24,,9.0
238,muara_teweh,2020-11-24,,9.0
239,muara_teweh,2021-03-09,,9.0
240,muara_teweh,2021-03-19,,9.0
241,muara_teweh,2021-04-02,,9.0
242,muara_teweh,2021-09-22,,9.0
243,muara_teweh,2022-01-09,,9.0
244,muara_teweh,2019-04-22,,9.5
245,muara_teweh,2020-02-15,,9.5
246,muara_teweh,2020-02-29,,9.5
247,muara_teweh,2020-03-14,,9.5
248,muara_teweh,2020-05-14,,9.5
249,muara_teweh,2020-05-23,,9.5
250,muara_teweh,2020-09-15,,9.5
251,muara_teweh,2020-10-24,,9.5
252,muara_teweh,2020-11-03,,9.5
253,muara_teweh,2021-07-03,,9.5
254,muara_teweh,2021-07-05,,9.5
255,muara_teweh,2021-08-24,,9.5
256,muara_teweh,2022-01-10,,9.5
257,muara_teweh,2022-02-19,,9.5
258,muara_teweh,2019-01-14,,10.0
259,muara_teweh,2019-02-21,,10.0
260,muara_teweh,2020-02-04,,10.0
261,muara_teweh,2020-03-13,,10.0
262,muara_teweh,2020-10-26,,10.0
263,muara_teweh,2020-10-28,,10.0
264,muara_teweh,2020-11-04,,10.0
265,muara_teweh,2021-06-28,,10.0
266,muara_teweh,2021-06-30,,10.0
267,muara_teweh,2021-09-26,,10.0
268,muara_teweh,2021-10-12,,10.0
269,muara_teweh,2021-11-25,,10.0
270,muara_teweh,2022-03-11,,10.0
271,muara_teweh,2019-04-16,,10.5
272,muara_teweh,2020-02-08,,10.5
273,muara_teweh,2020-03-31,,10.5
274,muara_teweh,2020-04-01,,10.5
275,muara_teweh,2020-04-03,,10.5
276,muara_teweh,2020-05-30,,10.5
277,muara_teweh,2020-07-11,,10.5
278,muara_teweh,2020-09-16,,10.5
279,muara_teweh,2020-11-05,,10.5
280,muara_teweh,2021-04-01,,10.5
281,muara_teweh,2021-07-19,,10.5
282,muara_teweh,2022-01-14,,10.5
283,muara_teweh,2019-01-17,,11.0
284,muara_teweh,2019-01-18,,11.0
285,muara_teweh,2019-02-10,,11.0
286,muara_teweh,2019-06-09,,11.0
287,muara_teweh,2019-06-10,,11.0
288,muara_teweh,2019-06-16,,11.0
289,muara_teweh,2020-01-06,,11.0
290,muara_teweh,2020-04-16,,11.0
291,muara_teweh,2020-04-27,,11.0
292,muara_teweh,2020-07-13,,11.0
293,muara_teweh,2020-07-15,,11.0
294,muara_teweh,2020-09-17,,11.0
295,muara_teweh,2020-09-30,,11.0
296,muara_teweh,2020-11-06,,11.0
297,muara_teweh,2020-11-27,,11.0
298,muara_teweh,2021-02-01,,11.0
299,muara_teweh,2021-03-21,,11.0
300,muara_teweh,2022-03-09,,11.0
301,muara_teweh,2019-04-17,,11.5
302,muara_teweh,2019-06-17,,11.5
303,muara_teweh,2019-06-23,,11.5
304,muara_teweh,2020-03-05,,11.5
305,muara_teweh,2020-03-06,,11.5
306,muara_teweh,2020-03-23,,11.5
307,muara_teweh,2020-05-08,,11.5
308,muara_teweh,2021-03-22,,11.5
309,muara_teweh,2021-03-28,,11.5
310,muara_teweh,2021-09-17,,11.5
311,muara_teweh,2021-10-04,,11.5
312,muara_teweh,2021-11-09,,11.5
313,muara_teweh,2022-01-15,,11.5
314,muara_teweh,2020-04-09,,12.0
315,muara_teweh,2020-04-28,,12.0
316,muara_teweh,2020-10-22,,12.0
317,muara_teweh,2021-02-04,,12.0
318,muara_teweh,2021-02-05,,12.0
319,muara_teweh,2021-03-24,,12.0
320,muara_teweh,2021-05-25,,12.0
321,muara_teweh,2021-11-06,,12.0
322,muara_teweh,2022-03-21,,12.0
323,muara_teweh,2019-02-15,,12.5
324,muara_teweh,2021-09-05,,13.0
325,muara_teweh,2021-11-03,,13.0
326,muara_teweh,2020-05-03,,14.0
327,muara_teweh,2019-09-23,,1.5
328,muara_teweh,2019-08-18,,1.75
329,muara_teweh,2019-10-02,,1.75
330,muara_teweh,2020-05-26,,8.75
331,muara_teweh,2020-05-21,,9.25
332,muara_teweh,2021-12-03,,9.25
333,muara_teweh,2020-06-10,,9.75
334,muara_teweh,2019-01-15,,10.25
335,muara_teweh,2019-01-19,,10.25
336,muara_teweh,2020-10-27,,10.25
337,muara_teweh,2021-05-19,,10.75
338,muara_teweh,2019-06-21,,11.25
339,muara_teweh,2021-09-15,,11.25
340,muara_teweh,2021-09-19,,11.25
341,muara_teweh,2021-02-03,,11.75
342,muara_teweh,2021-03-23,,11.75
343,muara_teweh,2021-05-22,,12.75
344,muara_teweh,2020-04-30,,13.25
345,muara_teweh,2019-07-22,,2.4
346,muara_teweh,2019-07-28,,2.4
347,muara_teweh,2019-08-10,,2.4
348,muara_teweh,2019-08-11,,2.4
349,muara_teweh,2019-08-21,,2.4
350,muara_teweh,2021-03-04,,2.65
351,muara_teweh,2019-07-11,,2.9
352,muara_teweh,2019-07-31,,2.9
353,muara_teweh,2019-08-01,,2.9
354,muara_teweh,2019-08-07,,2.9
355,muara_teweh,2019-10-14,,2.9
356,muara_teweh,2019-11-12,,2.9
357,muara_teweh,2020-12-11,,2.9
358,muara_teweh,2019-09-02,,3.4
359,muara_teweh,2019-10-25,,3.4
360,muara_teweh,2020-08-31,,3.4
361,muara_teweh,2020-11-17,,3.4
362,muara_teweh,2021-08-20,,3.4
363,muara_teweh,2019-05-12,,3.65
364,muara_teweh,2020-08-12,,3.65
365,muara_teweh,2020-08-16,,3.65
366,muara_teweh,2020-08-28,,3.65
367,muara_teweh,2019-03-25,,3.9
368,muara_teweh,2019-03-29,,3.9
369,muara_teweh,2019-05-11,,3.9
370,muara_teweh,2019-07-07,,3.9
371,muara_teweh,2019-10-24,,3.9
372,muara_teweh,2019-11-09,,3.9
373,muara_teweh,2019-11-20,,3.9
374,muara_teweh,2020-08-14,,3.9
375,muara_teweh,2020-11-16,,3.9
376,muara_teweh,2020-12-07,,3.9
377,muara_teweh,2021-02-26,,3.9
378,muara_teweh,2021-08-14,,3.9
379,muara_teweh,2022-02-05,,3.9
380,muara_teweh,2021-10-17,,4.05
381,muara_teweh,2019-01-01,,4.3
382,muara_teweh,2021-02-25,,4.3
383,muara_teweh,2021-06-20,,4.3
384,muara_teweh,2020-08-03,,4.55
385,muara_teweh,2021-02-24,,4.55
386,muara_teweh,2021-08-12,,4.55
387,muara_teweh,2019-08-29,,4.8
388,muara_teweh,2020-12-03,,4.8
389,muara_teweh,2020-12-04,,4.8
390,muara_teweh,2020-12-25,,4.8
391,muara_teweh,2021-04-06,,4.8
392,muara_teweh,2021-07-24,,4.8
393,muara_teweh,2020-04-20,,5.05
394,muara_teweh,2019-10-23,,5.3
395,muara_teweh,2019-11-29,,5.3
396,muara_teweh,2020-08-05,,5.3
397,muara_teweh,2021-02-16,,5.3
398,muara_teweh,2021-03-15,,5.3
399,muara_teweh,2021-04-23,,5.3
400,muara_teweh,2021-08-04,,5.3
401,muara_teweh,2021-12-05,,5.3
402,muara_teweh,2019-05-06,,5.55
403,muara_teweh,2020-06-19,,5.55
404,muara_teweh,2020-07-21,,5.55
405,muara_teweh,2020-10-06,,5.55
406,muara_teweh,2019-01-30,,5.8
407,muara_teweh,2019-03-02,,5.8
408,muara_teweh,2019-03-08,,5.8
409,muara_teweh,2019-05-26,,5.8
410,muara_teweh,2019-10-07,,5.8
411,muara_teweh,2019-11-05,,5.8
412,muara_teweh,2019-11-26,,5.8
413,muara_teweh,2019-12-12,,5.8
414,muara_teweh,2020-01-19,,5.8
415,muara_teweh,2020-01-22,,5.8
416,muara_teweh,2020-10-09,,5.8
417,muara_teweh,2020-10-14,,5.8
418,muara_teweh,2021-06-14,,5.8
419,muara_teweh,2021-10-15,,5.8
420,muara_teweh,2022-02-02,,5.8
421,muara_teweh,2022-02-11,,5.8
422,muara_teweh,2019-02-04,,6.05
423,muara_teweh,2019-11-03,,6.05
424,muara_teweh,2020-08-01,,6.05
425,muara_teweh,2019-02-02,,6.3
426,muara_teweh,2019-03-04,,6.3
427,muara_teweh,2019-10-09,,6.3
428,muara_teweh,2020-12-23,,6.3
429,muara_teweh,2021-05-30,,6.3
430,muara_teweh,2021-10-27,,6.3
431,muara_teweh,2021-12-30,,6.3
432,muara_teweh,2022-01-01,,6.3
433,muara_teweh,2022-03-13,,6.3
434,muara_teweh,2020-07-28,,6.55
435,muara_teweh,2022-01-30,,6.55
436,muara_teweh,2019-02-01,,6.8
437,muara_teweh,2019-04-28,,6.8
438,muara_teweh,2019-05-05,,6.8
439,muara_teweh,2019-10-08,,6.8
440,muara_teweh,2019-12-21,,6.8
441,muara_teweh,2020-01-12,,6.8
442,muara_teweh,2020-06-14,,6.8
443,muara_teweh,2021-04-22,,6.8
444,muara_teweh,2021-06-21,,6.8
445,muara_teweh,2021-07-11,,6.8
446,muara_teweh,2021-07-20,,6.8
447,muara_teweh,2021-12-22,,6.8
448,muara_teweh,2021-12-23,,6.8
449,muara_teweh,2022-02-26,,6.8
450,muara_teweh,2022-03-15,,6.8
451,muara_teweh,2022-03-17,,6.8
452,muara_teweh,2019-04-12,,7.05
453,muara_teweh,2022-01-02,,7.05
454,muara_teweh,2019-05-28,,7.3
455,muara_teweh,2019-10-21,,7.3
456,muara_teweh,2019-12-25,,7.3
457,muara_teweh,2020-05-11,,7.3
458,muara_teweh,2020-07-29,,7.3
459,muara_teweh,2020-10-16,,7.3
460,muara_teweh,2020-11-30,,7.3
461,muara_teweh,2021-06-01,,7.3
462,muara_teweh,2021-11-23,,7.3
463,muara_teweh,2021-12-07,,7.3
464,muara_teweh,2019-05-21,,7.8
465,muara_teweh,2021-02-10,,7.8
466,muara_teweh,2021-06-24,,7.8
467,muara_teweh,2021-10-21,,7.8
468,muara_teweh,2021-11-22,,7.8
469,muara_teweh,2021-12-10,,7.8
470,muara_teweh,2019-05-20,,8.1
471,muara_teweh,2022-02-16,,8.1
472,muara_teweh,2019-04-09,,8.6
473,muara_teweh,2020-03-20,,8.6
474,muara_teweh,2020-06-08,,8.6
475,muara_teweh,2020-11-09,,8.6
476,muara_teweh,2022-02-14,,8.6
477,muara_teweh,2020-02-01,,9.1
478,muara_teweh,2020-02-05,,9.1
479,muara_teweh,2021-04-17,,9.1
480,muara_teweh,2021-05-03,,9.1
481,muara_teweh,2021-07-04,,9.1
482,muara_teweh,2021-11-21,,9.1
483,muara_teweh,2021-12-15,,9.1
484,muara_teweh,2022-02-17,,9.1
485,muara_teweh,2022-03-07,,9.1
486,muara_teweh,2020-06-04,,9.6
487,muara_teweh,2021-11-20,,9.6
488,muara_teweh,2019-02-08,,10.1
489,muara_teweh,2019-06-07,,10.1
490,muara_teweh,2020-01-08,,10.1
491,muara_teweh,2020-11-08,,10.1
492,muara_teweh,2021-09-13,,10.1
493,muara_teweh,2019-06-08,,10.6
494,muara_teweh,2020-02-14,,10.6
495,muara_teweh,2020-02-21,,10.6
496,muara_teweh,2020-03-03,,10.6
497,muara_teweh,2020-03-21,,10.6
498,muara_teweh,2019-04-30,,11.1
499,muara_teweh,2019-05-01,,11.1
500,muara_teweh,2020-01-07,,11.1
501,muara_teweh,2020-02-09,,11.1
502,muara_teweh,2020-05-31,,11.1
503,muara_teweh,2020-06-01,,11.1
504,muara_teweh,2021-03-29,,11.1
505,muara_teweh,2021-09-14,,11.1
506,muara_teweh,2019-04-19,,11.6
507,muara_teweh,2020-04-08,,11.6
508,muara_teweh,2021-11-02,,11.6
509,muara_teweh,2020-03-07,,12.1
510,muara_teweh,2020-10-20,,12.1
511,muara_teweh,2021-03-27,,12.1
512,muara_teweh,2021-09-10,,12.1
513,muara_teweh,2021-11-13,,12.1
514,muara_teweh,2022-01-20,,12.1
515,muara_teweh,2020-04-29,,12.6
516,muara_teweh,2021-10-06,,12.6
517,muara_teweh,2022-01-17,,12.6
518,muara_teweh,2019-09-24,,1.45
519,muara_teweh,2019-09-25,,1.45
520,muara_teweh,2019-09-26,,1.45
521,muara_teweh,2019-09-27,,1.45
522,muara_teweh,2019-09-28,,1.45
523,muara_teweh,2019-09-29,,1.45
524,muara_teweh,2019-09-30,,1.45
525,muara_teweh,2019-09-14,,1.7
526,muara_teweh,2019-09-15,,1.7
527,muara_teweh,2019-09-16,,1.7
528,muara_teweh,2019-09-17,,1.7
529,muara_teweh,2019-09-18,,1.7
530,muara_teweh,2019-09-19,,1.7
531,muara_teweh,2019-08-19,,1.95
532,muara_teweh,2019-08-20,,1.95
533,muara_teweh,2019-04-23,,8.85
534,muara_teweh,2020-06-03,,9.35
535,muara_teweh,2021-09-23,,9.35
536,muara_teweh,2022-03-01,,9.35
537,muara_teweh,2022-03-03,,9.35
538,muara_teweh,2020-03-30,,9.85
539,muara_teweh,2020-04-04,,9.85
540,muara_teweh,2020-04-26,,9.85
541,muara_teweh,2020-06-23,,9.85
542,muara_teweh,2020-07-16,,9.85
543,muara_teweh,2019-04-07,,10.35
544,muara_teweh,2020-05-15,,10.35
545,muara_teweh,2021-09-02,,10.35
546,muara_teweh,2020-04-02,,10.85
547,muara_teweh,2020-04-07,,10.85
548,muara_teweh,2021-09-18,,11.85
549,muara_teweh,2020-04-10,,12.35
550,muara_teweh,2021-03-25,,12.35
551,muara_teweh,2020-05-02,,13.85
552,muara_teweh,2019-07-23,,2.3
553,muara_teweh,2019-07-20,,2.55
554,muara_teweh,2019-07-12,,2.8
555,muara_teweh,2019-08-02,,2.8
556,muara_teweh,2019-08-03,,2.8
557,muara_teweh,2019-08-08,,2.8
558,muara_teweh,2019-09-04,,2.8
559,muara_teweh,2019-09-08,,2.8
560,muara_teweh,2019-07-17,,3.05
561,muara_teweh,2021-03-05,,3.05
562,muara_teweh,2019-03-27,,3.3
563,muara_teweh,2019-07-09,,3.3
564,muara_teweh,2019-10-13,,3.3
565,muara_teweh,2020-08-30,,3.3
566,muara_teweh,2020-11-19,,3.3
567,muara_teweh,2020-12-09,,3.3
568,muara_teweh,2020-12-10,,3.3
569,muara_teweh,2021-02-28,,3.3
570,muara_teweh,2021-06-08,,3.3
571,muara_teweh,2021-07-30,,3.3
572,muara_teweh,2021-04-26,,3.55
573,muara_teweh,2019-01-02,,3.8
574,muara_teweh,2019-12-31,,3.8
575,muara_teweh,2020-01-01,,3.8
576,muara_teweh,2020-01-26,,3.8
577,muara_teweh,2021-06-19,,3.8
578,muara_teweh,2021-10-18,,3.8
579,muara_teweh,2019-01-03,,4.1
580,muara_teweh,2020-01-25,,4.1
581,muara_teweh,2020-08-04,,4.1
582,muara_teweh,2020-12-14,,4.1
583,muara_teweh,2022-02-04,,4.1
584,muara_teweh,2021-04-24,,4.35
585,muara_teweh,2021-12-06,,4.35
586,muara_teweh,2019-03-22,,4.6
587,muara_teweh,2019-03-23,,4.6
588,muara_teweh,2019-05-09,,4.6
589,muara_teweh,2019-12-30,,4.6
590,muara_teweh,2020-09-22,,4.6
591,muara_teweh,2020-12-15,,4.6
592,muara_teweh,2021-07-23,,4.6
593,muara_teweh,2021-10-16,,4.6
594,muara_teweh,2021-10-19,,4.6
595,muara_teweh,2021-10-29,,4.6
596,muara_teweh,2020-12-26,,4.85
597,muara_teweh,2019-12-29,,5.1
598,muara_teweh,2020-08-02,,5.1
599,muara_teweh,2020-08-17,,5.1
600,muara_teweh,2020-08-25,,5.1
601,muara_teweh,2020-09-01,,5.1
602,muara_teweh,2020-09-03,,5.1
603,muara_teweh,2020-09-04,,5.1
604,muara_teweh,2020-10-13,,5.1
605,muara_teweh,2020-12-02,,5.1
606,muara_teweh,2021-08-05,,5.1
607,muara_teweh,2021-07-13,,5.35
608,muara_teweh,2019-03-17,,5.6
609,muara_teweh,2019-06-28,,5.6
610,muara_teweh,2019-07-02,,5.6
611,muara_teweh,2020-04-19,,5.6
612,muara_teweh,2020-04-23,,5.6
613,muara_teweh,2020-06-15,,5.6
614,muara_teweh,2020-08-08,,5.6
615,muara_teweh,2020-08-09,,5.6
616,muara_teweh,2020-08-21,,5.6
617,muara_teweh,2020-09-07,,5.6
618,muara_teweh,2020-10-15,,5.6
619,muara_teweh,2021-02-21,,5.6
620,muara_teweh,2021-05-15,,5.6
621,muara_teweh,2020-08-06,,5.85
622,muara_teweh,2021-06-15,,5.85
623,muara_teweh,2020-01-11,,6.1
624,muara_teweh,2020-01-27,,6.1
625,muara_teweh,2020-02-27,,6.1
626,muara_teweh,2020-07-26,,6.1
627,muara_teweh,2020-08-07,,6.1
628,muara_teweh,2020-12-16,,6.1
629,muara_teweh,2021-05-13,,6.1
630,muara_teweh,2022-03-16,,6.1
631,muara_teweh,2019-03-16,,6.35
632,muara_teweh,2019-03-05,,6.6
633,muara_teweh,2019-04-25,,6.6
634,muara_teweh,2019-05-29,,6.6
635,muara_teweh,2019-07-01,,6.6
636,muara_teweh,2019-10-22,,6.6
637,muara_teweh,2020-01-10,,6.6
638,muara_teweh,2020-07-19,,6.6
639,muara_teweh,2020-11-01,,6.6
640,muara_teweh,2021-04-04,,6.6
641,muara_teweh,2021-04-30,,6.6
642,muara_teweh,2021-06-25,,6.6
643,muara_teweh,2021-07-21,,6.6
644,muara_teweh,2021-10-20,,6.6
645,muara_teweh,2021-12-12,,6.6
646,muara_teweh,2019-12-27,,6.85
647,muara_teweh,2020-07-31,,6.85
648,muara_teweh,2019-01-21,,7.1
649,muara_teweh,2019-04-02,,7.1
650,muara_teweh,2019-06-30,,7.1
651,muara_teweh,2019-12-23,,7.1
652,muara_teweh,2020-01-17,,7.1
653,muara_teweh,2020-12-18,,7.1
654,muara_teweh,2021-04-14,,7.1
655,muara_teweh,2021-10-24,,7.1
656,muara_teweh,2019-05-15,,7.6
657,muara_teweh,2019-12-26,,7.6
658,muara_teweh,2020-09-09,,7.6
659,muara_teweh,2020-09-13,,7.6
660,muara_teweh,2021-04-11,,7.6
661,muara_teweh,2021-05-02,,7.6
662,muara_teweh,2020-11-12,,7.85
663,muara_teweh,2021-04-20,,7.85
664,muara_teweh,2020-09-14,,8.2
665,muara_teweh,2020-11-23,,8.2
666,muara_teweh,2021-12-25,,8.2
667,muara_teweh,2022-01-06,,8.2
668,muara_teweh,2022-03-06,,8.2
669,muara_teweh,2019-05-03,,8.7
670,muara_teweh,2020-01-16,,8.7
671,muara_teweh,2020-07-08,,8.7
672,muara_teweh,2021-07-06,,8.7
673,muara_teweh,2022-03-18,,8.7
674,muara_teweh,2019-04-15,,9.2
675,muara_teweh,2019-05-16,,9.2
676,muara_teweh,2019-05-18,,9.2
677,muara_teweh,2020-06-09,,9.2
678,muara_teweh,2022-03-04,,9.2
679,muara_teweh,2020-05-22,,9.7
680,muara_teweh,2020-07-06,,9.7
681,muara_teweh,2020-10-25,,9.7
682,muara_teweh,2021-05-18,,9.7
683,muara_teweh,2022-01-11,,9.7
684,muara_teweh,2022-02-18,,9.7
685,muara_teweh,2020-03-12,,10.2
686,muara_teweh,2020-04-06,,10.2
687,muara_teweh,2020-06-02,,10.2
688,muara_teweh,2020-07-10,,10.2
689,muara_teweh,2021-12-16,,10.2
690,muara_teweh,2020-02-13,,10.7
691,muara_teweh,2020-11-26,,10.7
692,muara_teweh,2021-11-18,,10.7
693,muara_teweh,2022-01-25,,10.7
694,muara_teweh,2020-03-25,,11.2
695,muara_teweh,2020-09-18,,11.2
696,muara_teweh,2020-10-19,,11.2
697,muara_teweh,2021-10-09,,11.2
698,muara_teweh,2021-11-07,,11.2
699,muara_teweh,2019-02-16,,11.7
700,muara_teweh,2019-02-17,,11.7
701,muara_teweh,2019-02-18,,11.7
702,muara_teweh,2021-11-12,,11.7
703,muara_teweh,2021-11-17,,11.7
704,muara_teweh,2021-11-28,,11.7
705,muara_teweh,2021-11-29,,11.7
706,muara_teweh,2021-11-30,,11.7
707,muara_teweh,2021-12-01,,11.7
708,muara_teweh,2022-01-24,,11.7
709,muara_teweh,2021-10-05,,12.2
710,muara_teweh,2021-11-16,,12.2
711,muara_teweh,2019-02-13,,12.7
712,muara_teweh,2020-03-09,,12.7
713,muara_teweh,2021-05-23,,12.7
714,muara_teweh,2022-01-18,,12.7
715,muara_teweh,2021-11-04,,13.2
716,muara_teweh,2020-04-13,,13.7
717,muara_teweh,2020-05-01,,13.7
718,muara_teweh,2021-09-06,,13.7
719,muara_teweh,2020-05-05,,14.2
720,muara_teweh,2019-08-14,,1.9
721,muara_teweh,2020-06-11,,8.95
722,muara_teweh,2021-03-11,,8.95
723,muara_teweh,2020-10-03,,9.45
724,muara_teweh,2020-10-29,,9.45
725,muara_teweh,2021-02-07,,9.45
726,muara_teweh,2021-09-12,,9.45
727,muara_teweh,2021-10-02,,9.45
728,muara_teweh,2022-03-02,,9.45
729,muara_teweh,2020-02-03,,9.95
730,muara_teweh,2020-02-07,,9.95
731,muara_teweh,2020-02-12,,10.45
732,muara_teweh,2020-10-02,,10.45
733,muara_teweh,2020-11-28,,10.45
734,muara_teweh,2020-02-22,,10.95
735,muara_teweh,2022-03-10,,10.95
736,muara_teweh,2022-03-20,,10.95
737,muara_teweh,2021-10-08,,11.95
738,muara_teweh,2021-11-11,,11.95
739,muara_teweh,2020-10-21,,12.45
740,muara_teweh,2019-02-19,,8.05
741,muara_teweh,2021-03-13,,8.05
742,muara_teweh,2019-04-04,,8.55
743,muara_teweh,2020-01-31,,8.55
744,muara_teweh,2020-07-05,,8.55
745,muara_teweh,2021-03-12,,9.05
746,muara_teweh,2021-10-31,,9.05
747,muara_teweh,2020-04-05,,9.55
748,muara_teweh,2020-07-07,,9.55
749,muara_teweh,2021-06-29,,9.55
750,muara_teweh,2021-08-30,,9.55
751,muara_teweh,2021-09-20,,9.55
752,muara_teweh,2021-09-24,,9.55
753,muara_teweh,2021-09-29,,9.55
754,muara_teweh,2020-05-18,,10.05
755,muara_teweh,2020-06-05,,10.05
756,muara_teweh,2020-06-06,,10.05
757,muara_teweh,2021-11-19,,10.05
758,muara_teweh,2019-01-16,,10.55
759,muara_teweh,2019-02-09,,10.55
760,muara_teweh,2020-03-04,,10.55
761,muara_teweh,2020-05-17,,10.55
762,muara_teweh,2020-10-23,,10.55
763,muara_teweh,2021-03-31,,10.55
764,muara_teweh,2020-02-10,,11.05
765,muara_teweh,2020-06-26,,11.05
766,muara_teweh,2020-11-07,,11.05
767,muara_teweh,2021-09-03,,11.05
768,muara_teweh,2021-11-08,,11.05
769,muara_teweh,2021-11-26,,11.05
770,muara_teweh,2019-02-11,,11.55
771,muara_teweh,2019-06-18,,11.55
772,muara_teweh,2020-07-01,,11.55
773,muara_teweh,2021-11-27,,11.55
774,muara_teweh,2019-02-12,,12.05
775,muara_teweh,2020-06-28,,12.05
776,muara_teweh,2020-06-30,,12.05
777,muara_teweh,2022-01-23,,12.05
778,muara_teweh,2020-04-11,,12.55
779,muara_teweh,2021-05-21,,12.55
780,muara_teweh,2020-04-14,,13.55
781,muara_teweh,2020-05-06,,14.05
782,muara_teweh,2019-07-24,,2.2
783,muara_teweh,2019-08-12,,2.2
784,muara_teweh,2019-07-13,,2.7
785,muara_teweh,2021-03-03,,2.7
786,muara_teweh,2019-03-28,,3.2
787,muara_teweh,2019-10-15,,3.2
788,muara_teweh,2019-10-16,,3.2
789,muara_teweh,2019-11-11,,3.2
790,muara_teweh,2019-11-13,,3.2
791,muara_teweh,2020-08-29,,3.45
792,muara_teweh,2021-08-19,,3.45
793,muara_teweh,2020-12-13,,3.7
794,muara_teweh,2021-08-16,,3.7
795,muara_teweh,2021-07-26,,3.95
796,muara_teweh,2021-08-13,,3.95
797,muara_teweh,2019-01-29,,4.15
798,muara_teweh,2020-12-06,,4.15
799,muara_teweh,2021-06-18,,4.15
800,muara_teweh,2019-05-31,,4.4
801,muara_teweh,2019-11-15,,4.4
802,muara_teweh,2019-11-19,,4.4
803,muara_teweh,2020-11-15,,4.4
804,muara_teweh,2020-12-05,,4.4
805,muara_teweh,2021-08-10,,4.4
806,muara_teweh,2021-10-30,,4.4
807,muara_teweh,2020-10-12,,4.65
808,muara_teweh,2019-01-28,,4.9
809,muara_teweh,2019-03-30,,4.9
810,muara_teweh,2020-01-24,,4.9
811,muara_teweh,2020-10-11,,4.9
812,muara_teweh,2021-06-09,,4.9
813,muara_teweh,2021-06-17,,4.9
814,muara_teweh,2021-07-22,,4.9
815,muara_teweh,2022-02-03,,4.9
816,muara_teweh,2019-04-27,,5.4
817,muara_teweh,2019-05-30,,5.4
818,muara_teweh,2019-08-27,,5.4
819,muara_teweh,2019-10-10,,5.4
820,muara_teweh,2019-10-30,,5.4
821,muara_teweh,2019-10-31,,5.4
822,muara_teweh,2019-11-06,,5.4
823,muara_teweh,2019-11-17,,5.4
824,muara_teweh,2019-11-30,,5.4
825,muara_teweh,2019-12-06,,5.4
826,muara_teweh,2019-12-07,,5.4
827,muara_teweh,2020-01-23,,5.4
828,muara_teweh,2020-08-24,,5.4
829,muara_teweh,2020-09-02,,5.4
830,muara_teweh,2020-10-10,,5.4
831,muara_teweh,2020-12-29,,5.4
832,muara_teweh,2020-12-30,,5.4
833,muara_teweh,2021-02-14,,5.4
834,muara_teweh,2021-02-15,,5.4
835,muara_teweh,2021-02-20,,5.4
836,muara_teweh,2021-02-22,,5.4
837,muara_teweh,2021-06-04,,5.4
838,muara_teweh,2021-06-16,,5.4
839,muara_teweh,2021-07-15,,5.4
840,muara_teweh,2021-05-10,,5.65
841,muara_teweh,2019-01-27,,5.9
842,muara_teweh,2019-03-07,,5.9
843,muara_teweh,2019-05-25,,5.9
844,muara_teweh,2019-11-02,,5.9
845,muara_teweh,2019-11-28,,5.9
846,muara_teweh,2019-12-04,,5.9
847,muara_teweh,2019-12-05,,5.9
848,muara_teweh,2019-12-28,,5.9
849,muara_teweh,2020-07-27,,5.9
850,muara_teweh,2020-09-21,,5.9
851,muara_teweh,2020-12-01,,5.9
852,muara_teweh,2020-09-05,,6.15
853,muara_teweh,2019-03-01,,6.4
854,muara_teweh,2019-03-06,,6.4
855,muara_teweh,2019-05-23,,6.4
856,muara_teweh,2019-10-29,,6.4
857,muara_teweh,2020-01-03,,6.4
858,muara_teweh,2021-04-10,,6.4
859,muara_teweh,2021-05-11,,6.4
860,muara_teweh,2021-05-31,,6.4
861,muara_teweh,2021-12-28,,6.4
862,muara_teweh,2022-03-14,,6.4
863,muara_teweh,2021-12-31,,6.65
864,muara_teweh,2019-02-05,,6.9
865,muara_teweh,2019-02-24,,6.9
866,muara_teweh,2019-03-09,,6.9
867,muara_teweh,2019-03-19,,6.9
868,muara_teweh,2019-06-27,,6.9
869,muara_teweh,2020-04-18,,6.9
870,muara_teweh,2020-06-20,,6.9
871,muara_teweh,2020-07-22,,6.9
872,muara_teweh,2020-07-24,,6.9
873,muara_teweh,2020-08-19,,6.9
874,muara_teweh,2020-08-20,,6.9
875,muara_teweh,2020-12-17,,6.9
876,muara_teweh,2020-12-19,,6.9
877,muara_teweh,2021-03-08,,6.9
878,muara_teweh,2021-07-10,,6.9
879,muara_teweh,2021-10-25,,6.9
880,muara_teweh,2021-12-04,,6.9
881,muara_teweh,2021-12-11,,6.9
882,muara_teweh,2022-01-08,,6.9
883,muara_teweh,2022-02-24,,6.9
884,muara_teweh,2019-01-24,,7.15
885,muara_teweh,2020-07-04,,7.15
886,muara_teweh,2019-02-06,,7.4
887,muara_teweh,2019-02-27,,7.4
888,muara_teweh,2019-04-14,,7.4
889,muara_teweh,2019-12-13,,7.4
890,muara_teweh,2020-02-16,,7.4
891,muara_teweh,2020-07-23,,7.4
892,muara_teweh,2021-03-17,,7.4
893,muara_teweh,2021-05-17,,7.4
894,muara_teweh,2021-08-22,,7.4
895,muara_teweh,2022-02-09,,7.4
896,muara_teweh,2022-02-10,,7.4
897,muara_teweh,2019-03-12,,7.65
898,muara_teweh,2019-03-11,,7.9
899,muara_teweh,2019-12-16,,7.9
900,muara_teweh,2022-03-12,,7.9
901,muara_teweh,2020-06-21,,8.3
902,muara_teweh,2020-09-12,,8.3
903,muara_teweh,2020-12-21,,8.3
904,muara_teweh,2021-02-08,,8.3
905,muara_teweh,2021-02-09,,8.3
906,muara_teweh,2021-04-15,,8.3
907,muara_teweh,2021-08-28,,8.3
908,muara_teweh,2021-12-14,,8.3
909,muara_teweh,2022-01-27,,8.3
910,muara_teweh,2019-06-06,,8.8
911,muara_teweh,2019-06-26,,8.8
912,muara_teweh,2020-05-19,,8.8
913,muara_teweh,2020-05-25,,8.8
914,muara_teweh,2021-05-05,,8.8
915,muara_teweh,2021-08-27,,8.8
916,muara_teweh,2022-02-28,,8.8
917,muara_teweh,2020-10-17,,9.3
918,muara_teweh,2021-03-10,,9.3
919,muara_teweh,2022-01-26,,9.3
920,muara_teweh,2020-01-14,,9.8
921,muara_teweh,2020-09-28,,9.8
922,muara_teweh,2020-10-18,,9.8
923,muara_teweh,2020-11-25,,9.8
924,muara_teweh,2021-05-04,,9.8
925,muara_teweh,2021-08-26,,9.8
926,muara_teweh,2021-08-31,,9.8
927,muara_teweh,2021-09-25,,9.8
928,muara_teweh,2022-01-12,,9.8
929,muara_teweh,2022-03-19,,9.8
930,muara_teweh,2021-05-28,,10.3
931,muara_teweh,2021-07-01,,10.3
932,muara_teweh,2021-09-27,,10.3
933,muara_teweh,2021-09-28,,10.3
934,muara_teweh,2021-10-10,,10.3
935,muara_teweh,2021-10-11,,10.3
936,muara_teweh,2022-03-08,,10.3
937,muara_teweh,2019-06-19,,10.8
938,muara_teweh,2020-02-11,,10.8
939,muara_teweh,2020-03-11,,10.8
940,muara_teweh,2020-09-29,,10.8
941,muara_teweh,2020-10-01,,10.8
942,muara_teweh,2021-02-06,,10.8
943,muara_teweh,2021-09-11,,10.8
944,muara_teweh,2021-11-01,,10.8
945,muara_teweh,2021-12-17,,10.8
946,muara_teweh,2021-12-18,,10.8
947,muara_teweh,2020-03-22,,11.3
948,muara_teweh,2021-05-27,,11.3
949,muara_teweh,2021-05-20,,11.8
950,muara_teweh,2021-05-26,,11.8
951,muara_teweh,2021-09-04,,11.8
952,muara_teweh,2021-11-10,,11.8
953,muara_teweh,2020-06-29,,12.3
954,muara_teweh,2021-05-24,,12.3
955,muara_teweh,2021-11-14,,12.3
956,muara_teweh,2022-01-16,,12.3
957,muara_teweh,2020-04-12,,13.3
958,muara_teweh,2020-05-07,,13.3
959,muara_teweh,2021-09-09,,13.3
960,muara_teweh,2021-09-07,,13.8
961,muara_teweh,2019-10-01,,1.6
962,muara_teweh,2019-08-15,,1.85
963,muara_teweh,2020-07-03,,8.65
964,muara_teweh,2020-09-11,,8.65
965,muara_teweh,2020-06-07,,9.15
966,muara_teweh,2022-01-04,,9.15
967,muara_teweh,2020-02-20,,9.65
968,muara_teweh,2020-07-02,,10.15
969,muara_teweh,2020-07-12,,10.15
970,muara_teweh,2019-06-11,,10.65
971,muara_teweh,2020-09-19,,10.65
972,muara_teweh,2020-03-10,,11.65
973,muara_teweh,2020-06-27,,11.65
974,muara_teweh,2022-01-21,,11.65
975,muara_teweh,2021-09-08,,13.65
976,muara_teweh,2020-05-04,,14.15
977,muara_teweh,2019-07-25,,2.1
978,muara_teweh,2019-07-14,,2.6
979,muara_teweh,2019-07-15,,2.6
980,muara_teweh,2019-08-09,,2.6
981,muara_teweh,2019-09-09,,2.6
982,muara_teweh,2019-09-10,,2.6
983,muara_teweh,2019-09-11,,2.6
984,muara_teweh,2019-09-12,,2.6
985,muara_teweh,2019-09-13,,2.6
986,muara_teweh,2021-03-02,,2.85
987,muara_teweh,2019-07-10,,3.1
988,muara_teweh,2019-07-30,,3.1
989,muara_teweh,2019-08-04,,3.1
990,muara_teweh,2019-10-04,,3.1
991,muara_teweh,2020-12-12,,3.35
992,muara_teweh,2021-04-27,,3.35
993,muara_teweh,2021-07-31,,3.35
994,muara_teweh,2021-08-02,,3.35
995,muara_teweh,2021-08-08,,3.35
996,muara_teweh,2019-03-26,,3.6
997,muara_teweh,2019-07-08,,3.6
998,muara_teweh,2019-10-05,,3.6
999,muara_teweh,2019-10-12,,3.6
1000,muara_teweh,2020-09-23,,3.6
1001,muara_teweh,2020-12-08,,3.6
1002,muara_teweh,2021-02-27,,3.6
1003,muara_teweh,2021-06-07,,3.6
1004,muara_teweh,2021-07-28,,3.6
1005,muara_teweh,2021-08-18,,3.6
1006,muara_teweh,2021-04-25,,3.85
1007,muara_teweh,2021-08-07,,3.85
1008,muara_teweh,2021-08-15,,3.85
1009,muara_teweh,2019-03-24,,4.2
1010,muara_teweh,2019-05-13,,4.2
1011,muara_teweh,2019-07-05,,4.2
1012,muara_teweh,2019-11-08,,4.2
1013,muara_teweh,2019-11-24,,4.2
1014,muara_teweh,2021-07-25,,4.2
1015,muara_teweh,2021-08-06,,4.2
1016,muara_teweh,2021-06-11,,4.45
1017,muara_teweh,2019-01-04,,4.7
1018,muara_teweh,2019-05-07,,4.7
1019,muara_teweh,2019-07-04,,4.7
1020,muara_teweh,2019-10-11,,4.7
1021,muara_teweh,2019-10-27,,4.7
1022,muara_teweh,2019-11-07,,4.7
1023,muara_teweh,2020-04-24,,4.7
1024,muara_teweh,2021-02-18,,4.7
1025,muara_teweh,2021-06-05,,4.7
1026,muara_teweh,2021-08-03,,4.7
1027,muara_teweh,2021-08-11,,4.7
1028,muara_teweh,2019-01-05,,5.2
1029,muara_teweh,2019-03-31,,5.2
1030,muara_teweh,2019-08-25,,5.2
1031,muara_teweh,2019-08-28,,5.2
1032,muara_teweh,2020-12-24,,5.2
1033,muara_teweh,2020-12-31,,5.2
1034,muara_teweh,2021-04-08,,5.2
1035,muara_teweh,2021-05-08,,5.2
1036,muara_teweh,2021-06-10,,5.2
1037,muara_teweh,2021-07-14,,5.45
1038,muara_teweh,2019-12-01,,5.7
1039,muara_teweh,2019-12-08,,5.7
1040,muara_teweh,2020-09-08,,5.7
1041,muara_teweh,2021-03-06,,5.7
1042,muara_teweh,2019-10-19,,6.2
1043,muara_teweh,2019-11-27,,6.2
1044,muara_teweh,2020-01-18,,6.2
1045,muara_teweh,2020-02-18,,6.2
1046,muara_teweh,2020-08-18,,6.2
1047,muara_teweh,2020-10-08,,6.2
1048,muara_teweh,2021-03-16,,6.2
1049,muara_teweh,2021-05-12,,6.2
1050,muara_teweh,2021-05-16,,6.2
1051,muara_teweh,2022-02-25,,6.2
1052,muara_teweh,2019-01-23,,6.7
1053,muara_teweh,2019-01-31,,6.7
1054,muara_teweh,2019-02-26,,6.7
1055,muara_teweh,2019-03-14,,6.7
1056,muara_teweh,2019-10-28,,6.7
1057,muara_teweh,2019-12-20,,6.7
1058,muara_teweh,2020-09-25,,6.7
1059,muara_teweh,2020-11-13,,6.7
1060,muara_teweh,2021-10-26,,6.7
1061,muara_teweh,2021-12-21,,6.7
1062,muara_teweh,2022-01-31,,6.7
1063,muara_teweh,2022-02-08,,6.7
1064,muara_teweh,2021-05-01,,6.95
1065,muara_teweh,2019-04-10,,7.2
1066,muara_teweh,2019-04-11,,7.2
1067,muara_teweh,2019-12-22,,7.2
1068,muara_teweh,2020-07-30,,7.2
1069,muara_teweh,2020-09-26,,7.2
1070,muara_teweh,2020-10-04,,7.2
1071,muara_teweh,2021-07-07,,7.2
1072,muara_teweh,2021-12-27,,7.2
1073,muara_teweh,2022-01-07,,7.2
1074,muara_teweh,2022-01-28,,7.2
1075,muara_teweh,2019-01-11,,7.7
1076,muara_teweh,2019-04-03,,7.7
1077,muara_teweh,2019-04-24,,7.7
1078,muara_teweh,2019-05-04,,7.7
1079,muara_teweh,2020-12-20,,7.7
1080,muara_teweh,2022-01-03,,7.7
1081,muara_teweh,2022-02-13,,7.7
1082,muara_teweh,2019-01-20,,8.4
1083,muara_teweh,2019-02-23,,8.4
1084,muara_teweh,2019-05-19,,8.4
1085,muara_teweh,2019-12-18,,8.4
1086,muara_teweh,2020-01-28,,8.4
1087,muara_teweh,2020-03-15,,8.4
1088,muara_teweh,2020-05-27,,8.4
1089,muara_teweh,2020-07-17,,8.4
1090,muara_teweh,2020-07-18,,8.4
1091,muara_teweh,2020-09-10,,8.4
1092,muara_teweh,2020-11-02,,8.4
1093,muara_teweh,2020-11-10,,8.4
1094,muara_teweh,2021-03-18,,8.4
1095,muara_teweh,2021-04-18,,8.4
1096,muara_teweh,2021-10-01,,8.4
1097,muara_teweh,2021-10-22,,8.4
1098,muara_teweh,2021-10-23,,8.4
1099,muara_teweh,2022-02-15,,8.4
1100,muara_teweh,2022-02-20,,8.4
1101,muara_teweh,2022-02-22,,8.4
1102,muara_teweh,2019-04-29,,8.9
1103,muara_teweh,2020-02-24,,8.9
1104,muara_teweh,2021-06-23,,8.9
1105,muara_teweh,2021-06-27,,8.9
1106,muara_teweh,2021-08-23,,8.9
1107,muara_teweh,2021-12-09,,8.9
1108,muara_teweh,2019-06-13,,9.4
1109,muara_teweh,2020-01-30,,9.4
1110,muara_teweh,2020-04-17,,9.4
1111,muara_teweh,2020-05-09,,9.4
1112,muara_teweh,2020-05-29,,9.4
1113,muara_teweh,2020-06-22,,9.4
1114,muara_teweh,2020-11-29,,9.4
1115,muara_teweh,2021-04-16,,9.4
1116,muara_teweh,2021-07-17,,9.4
1117,muara_teweh,2021-08-29,,9.4
1118,muara_teweh,2022-01-05,,9.4
1119,muara_teweh,2019-01-12,,9.9
1120,muara_teweh,2019-01-13,,9.9
1121,muara_teweh,2019-02-22,,9.9
1122,muara_teweh,2019-04-06,,9.9
1123,muara_teweh,2019-04-08,,9.9
1124,muara_teweh,2019-04-21,,9.9
1125,muara_teweh,2019-05-17,,9.9
1126,muara_teweh,2019-06-12,,9.9
1127,muara_teweh,2019-06-14,,9.9
1128,muara_teweh,2020-01-05,,9.9
1129,muara_teweh,2020-01-15,,9.9
1130,muara_teweh,2020-01-29,,9.9
1131,muara_teweh,2020-02-02,,9.9
1132,muara_teweh,2020-02-06,,9.9
1133,muara_teweh,2020-03-28,,9.9
1134,muara_teweh,2020-06-24,,9.9
1135,muara_teweh,2021-07-02,,9.9
1136,muara_teweh,2021-08-25,,9.9
1137,muara_teweh,2021-09-01,,9.9
1138,muara_teweh,2021-12-19,,9.9
1139,muara_teweh,2022-01-13,,9.9
1140,muara_teweh,2019-04-20,,10.4
1141,muara_teweh,2019-05-02,,10.4
1142,muara_teweh,2019-06-15,,10.4
1143,muara_teweh,2019-06-25,,10.4
1144,muara_teweh,2020-02-23,,10.4
1145,muara_teweh,2020-03-01,,10.4
1146,muara_teweh,2020-03-27,,10.4
1147,muara_teweh,2020-06-25,,10.4
1148,muara_teweh,2021-07-18,,10.4
1149,muara_teweh,2021-10-03,,10.4
1150,muara_teweh,2019-06-20,,10.9
1151,muara_teweh,2020-03-02,,10.9
1152,muara_teweh,2020-03-26,,10.9
1153,muara_teweh,2020-05-16,,10.9
1154,muara_teweh,2021-12-02,,10.9
1155,muara_teweh,2019-06-22,,11.4
1156,muara_teweh,2019-06-24,,11.4
1157,muara_teweh,2020-03-24,,11.4
1158,muara_teweh,2020-07-14,,11.4
1159,muara_teweh,2021-02-02,,11.4
1160,muara_teweh,2021-09-16,,11.4
1161,muara_teweh,2019-04-18,,11.9
1162,muara_teweh,2022-01-22,,11.9
1163,muara_teweh,2022-03-22,,11.9
1164,muara_teweh,2022-03-23,,11.9
1165,muara_teweh,2021-03-26,,12.4
1166,muara_teweh,2021-10-07,,12.4
1167,muara_teweh,2021-11-15,,12.4
1168,muara_teweh,2022-01-19,,12.4
1169,muara_teweh,2019-02-14,,12.9
1170,muara_teweh,2020-03-08,,12.9
1171,muara_teweh,2020-04-15,,12.9
1172,muara_teweh,2021-11-05,,12.9
1173,muara_teweh,2019-09-20,,1.55
1174,muara_teweh,2019-09-21,,1.55
1175,muara_teweh,2019-09-22,,1.55
1176,muara_teweh,2019-08-16,,1.8
1177,muara_teweh,2019-08-17,,1.8
